codigo,idh
421985,0.761
211400,0.595
355715,0.729
251740,0.623
293360,0.585
150840,0.646
261650,0.552
421970,0.752
421960,0.749
120070,0.599
421950,0.775
432380,0.735
412880,0.706
172210,0.671
421940,0.71
432377,0.752
293350,0.544
412850,0.687
317220,0.678
293345,0.6
172208,0.638
221170,0.544
293340,0.587
355710,0.79
355700,0.767
330630,0.771
317210,0.669
421935,0.673
412870,0.702
211300,0.57
320530,0.845
150835,0.596
211290,0.596
160080,0.619
261640,0.64
432375,0.655
293330,0.678
355695,0.725
250550,0.566
432370,0.757
432350,0.739
432360,0.78
355690,0.744
150830,0.515
317200,0.709
412865,0.722
317190,0.62
317180,0.675
317170,0.651
317160,0.61
355680,0.739
355670,0.817
110030,0.731
320520,0.8
320517,0.675
510860,0.688
522230,0.634
320515,0.681
432345,0.662
211285,0.581
221160,0.565
432340,0.761
432335,0.705
241500,0.576
432330,0.742
522220,0.647
510550,0.645
150820,0.617
251720,0.571
317140,0.668
421930,0.764
421920,0.7
432320,0.777
241490,0.592
317130,0.775
231410,0.571
270940,0.586
522205,0.684
500840,0.711
432310,0.638
261630,0.605
522200,0.712
211280,0.618
320510,0.686
432300,0.717
432290,0.702
317120,0.688
432285,0.723
261620,0.582
261618,0.563
317115,0.612
317110,0.667
412860,0.72
317107,0.632
293325,0.577
317103,0.584
261610,0.605
432280,0.773
510850,0.68
221150,0.503
355660,0.754
432270,0.737
241480,0.587
412855,0.699
293320,0.645
261600,0.592
412853,0.65
241475,0.555
320506,0.728
432260,0.712
317100,0.742
330620,0.714
317090,0.594
293317,0.586
241470,0.626
251710,0.707
355650,0.759
293315,0.555
221140,0.571
510840,0.734
293310,0.575
293305,0.539
317080,0.666
221135,0.553
231400,0.629
330615,0.659
231395,0.611
522190,0.687
317075,0.711
317070,0.778
355635,0.699
421915,0.629
355645,0.77
211270,0.542
355640,0.737
317065,0.634
421917,0.718
317060,0.696
320503,0.663
317057,0.631
421910,0.686
432255,0.757
355630,0.725
522185,0.746
355620,0.819
432252,0.646
432254,0.737
355610,0.735
293300,0.637
330610,0.738
221130,0.647
293290,0.623
432253,0.624
110180,0.627
110175,0.584
510835,0.656
432250,0.721
293280,0.59
522180,0.732
421900,0.772
355590,0.712
355600,0.745
421895,0.699
110170,0.609
231390,0.566
432240,0.744
130440,0.588
221120,0.631
317052,0.619
293270,0.616
130430,0.62
317050,0.633
231380,0.639
421890,0.694
150815,0.589
522170,0.703
317047,0.664
522160,0.737
211260,0.588
355580,0.746
293260,0.598
412840,0.721
241460,0.596
432237,0.649
412830,0.72
221110,0.577
355570,0.749
510830,0.665
270930,0.593
421885,0.705
317043,0.672
412820,0.74
432235,0.733
317040,0.736
293250,0.56
412810,0.761
231375,0.587
251700,0.584
317030,0.638
293245,0.515
280760,0.579
241450,0.618
231370,0.591
150812,0.604
251690,0.636
522157,0.67
140070,0.453
293240,0.617
355560,0.721
432234,0.7
412800,0.739
355550,0.727
317020,0.789
317010,0.772
355540,0.751
293230,0.593
355535,0.7
317005,0.614
316990,0.724
231360,0.648
293220,0.611
293210,0.582
317000,0.609
293200,0.605
130426,0.527
211250,0.561
421880,0.74
412796,0.672
316980,0.696
522155,0.691
522150,0.697
231355,0.606
432232,0.629
355530,0.736
316970,0.682
355520,0.751
211245,0.536
211240,0.561
172130,0.587
172125,0.67
355510,0.769
412795,0.73
355500,0.771
261590,0.634
432230,0.728
432225,0.718
432220,0.709
432218,0.694
261580,0.519
316960,0.719
211230,0.572
412790,0.695
432215,0.657
412788,0.611
421875,0.752
316950,0.626
355495,0.728
211227,0.555
150810,0.666
432210,0.747
150808,0.659
293190,0.579
421870,0.796
421860,0.775
522145,0.653
211223,0.606
432200,0.733
241445,0.602
261570,0.67
251680,0.609
261560,0.595
522140,0.699
432195,0.687
421850,0.795
421840,0.729
421835,0.774
330600,0.725
522130,0.745
316940,0.731
432190,0.768
432185,0.703
316935,0.752
500830,0.744
355490,0.753
432183,0.662
432180,0.759
432170,0.71
316930,0.744
432166,0.718
421830,0.706
412785,0.681
432163,0.791
355480,0.785
293180,0.528
432162,0.701
432160,0.719
330590,0.667
231350,0.606
150805,0.562
270920,0.532
261550,0.605
150803,0.531
355475,0.722
241440,0.572
355470,0.744
432150,0.762
355465,0.714
432149,0.683
510820,0.716
261540,0.618
130423,0.548
150800,0.586
316920,0.718
412780,0.699
280750,0.551
412770,0.768
316910,0.661
316905,0.696
316900,0.688
172120,0.681
172110,0.589
280740,0.557
316890,0.683
316880,0.74
432147,0.689
432146,0.742
316870,0.77
211220,0.649
355460,0.71
421820,0.784
421825,0.659
211210,0.537
421810,0.72
261530,0.618
241430,0.64
421800,0.76
412760,0.636
421795,0.717
355450,0.778
241105,0.635
241420,0.645
412750,0.664
231340,0.657
110160,0.589
432145,0.747
510810,0.655
150797,0.635
355440,0.749
412740,0.714
412730,0.71
261520,0.599
510805,0.698
293170,0.578
432143,0.689
412720,0.728
150796,0.605
522119,0.685
261510,0.545
330580,0.73
221100,0.751
522108,0.661
500800,0.658
270915,0.564
293160,0.555
316860,0.701
293150,0.566
355430,0.741
293140,0.594
251675,0.581
432140,0.708
241415,0.623
241410,0.592
280730,0.604
412710,0.734
355420,0.668
231335,0.584
110155,0.643
412700,0.671
316850,0.675
251670,0.605
293135,0.685
130420,0.639
432135,0.656
251660,0.586
355410,0.8
231330,0.633
355400,0.752
211200,0.599
316840,0.633
355395,0.753
160070,0.592
231325,0.576
120060,0.539
355390,0.726
500797,0.651
432132,0.739
355385,0.679
355380,0.701
355370,0.748
261500,0.641
432130,0.733
432120,0.727
270910,0.541
355365,0.759
522100,0.716
316830,0.651
510800,0.714
355360,0.751
412690,0.697
293130,0.594
316810,0.712
355350,0.681
316820,0.667
432110,0.695
251650,0.578
293120,0.566
432100,0.747
432090,0.76
412680,0.703
130410,0.502
316805,0.645
293110,0.597
293105,0.599
221097,0.579
270900,0.555
293100,0.577
330575,0.654
421790,0.737
241400,0.608
510795,0.729
355340,0.748
221095,0.501
231320,0.58
412670,0.731
355330,0.731
412667,0.621
261485,0.593
172097,0.654
355320,0.76
241390,0.569
172093,0.601
421780,0.761
316800,0.67
150795,0.588
355310,0.71
172090,0.634
355300,0.709
500795,0.593
251640,0.551
355290,0.723
261480,0.573
261470,0.554
316790,0.681
231310,0.645
241380,0.612
293090,0.584
355280,0.769
261460,0.605
355270,0.704
130406,0.616
355260,0.735
510794,0.695
432085,0.701
355250,0.765
355255,0.699
221093,0.586
261450,0.635
330570,0.611
251630,0.627
355240,0.762
412665,0.693
421775,0.707
355230,0.747
172085,0.667
211195,0.568
211190,0.579
293080,0.592
251620,0.668
150790,0.615
251615,0.573
510792,0.744
355220,0.798
320501,0.662
500793,0.681
421770,0.728
231300,0.625
261440,0.585
432080,0.731
251610,0.616
316780,0.697
251600,0.595
355210,0.729
221090,0.561
316770,0.631
231290,0.714
251597,0.573
432070,0.743
293077,0.631
241370,0.572
211180,0.564
172080,0.604
293076,0.533
293075,0.564
522070,0.617
280720,0.609
261420,0.597
412660,0.704
510790,0.754
432067,0.631
221080,0.627
316760,0.632
522068,0.645
221070,0.575
293070,0.675
316750,0.638
280710,0.604
316740,0.699
130400,0.632
355200,0.678
316730,0.652
432065,0.742
172065,0.675
522060,0.709
330560,0.654
221065,0.581
500790,0.686
421760,0.774
355190,0.715
241360,0.604
432060,0.752
316555,0.542
500770,0.614
316720,0.76
432057,0.683
355180,0.673
355170,0.761
251593,0.621
432055,0.689
432050,0.751
412650,0.723
261410,0.613
412640,0.725
316710,0.656
293060,0.59
261400,0.595
241350,0.592
241355,0.598
293050,0.634
261390,0.661
251590,0.547
251580,0.57
293040,0.566
510788,0.664
316700,0.643
522050,0.681
412635,0.762
316695,0.633
211178,0.519
316690,0.677
355160,0.767
241340,0.597
355150,0.729
251570,0.586
320500,0.739
293030,0.608
316680,0.696
316670,0.651
293015,0.595
160005,0.709
241335,0.614
241330,0.582
316660,0.677
251560,0.626
251550,0.628
355140,0.686
316650,0.557
421755,0.773
330555,0.713
316640,0.66
432045,0.652
110150,0.598
251540,0.555
316630,0.56
432040,0.76
293020,0.585
432035,0.671
293010,0.666
316620,0.626
316610,0.565
316600,0.631
412630,0.663
120050,0.603
432032,0.693
231280,0.603
270895,0.518
231270,0.619
316590,0.62
211176,0.602
150780,0.514
316580,0.684
120045,0.64
241320,0.57
316570,0.644
241310,0.583
316560,0.674
522045,0.701
316557,0.661
211174,0.538
316556,0.654
500780,0.682
432030,0.777
432026,0.659
432023,0.712
432020,0.723
221063,0.562
293000,0.615
221062,0.536
355130,0.773
421750,0.779
292990,0.635
421740,0.769
292980,0.549
421730,0.755
412627,0.699
292975,0.617
211172,0.493
270890,0.66
292970,0.527
316553,0.734
355120,0.688
316550,0.636
355110,0.707
432010,0.777
412625,0.695
330550,0.709
316540,0.68
330540,0.675
150775,0.59
432000,0.726
412620,0.655
431990,0.711
510787,0.732
251530,0.569
292960,0.614
355100,0.768
241300,0.642
261380,0.549
211170,0.592
431980,0.685
316530,0.715
431975,0.754
172049,0.643
431973,0.642
431970,0.72
431971,0.764
241290,0.585
412610,0.725
316510,0.7
316500,0.662
316520,0.667
355090,0.766
522040,0.72
431960,0.708
355070,0.772
251520,0.581
130395,0.577
172030,0.573
316490,0.676
316480,0.632
292950,0.657
316470,0.722
316460,0.626
316450,0.581
431950,0.739
316447,0.607
330530,0.646
251510,0.594
316443,0.66
355080,0.701
150770,0.558
316440,0.692
412600,0.715
270880,0.549
172025,0.605
355060,0.768
320495,0.7
316430,0.672
316420,0.64
211167,0.516
221060,0.661
211163,0.516
211160,0.61
241280,0.611
355040,0.755
241270,0.589
355050,0.703
431940,0.709
316410,0.622
316400,0.659
211157,0.6
221050,0.595
412590,0.704
412580,0.717
412575,0.683
431937,0.763
421725,0.734
316390,0.674
431936,0.664
431935,0.739
510740,0.66
330520,0.712
211153,0.605
355030,0.805
241260,0.622
130390,0.521
431930,0.692
522028,0.693
431920,0.645
241250,0.606
172020,0.623
221040,0.556
270870,0.591
270860,0.623
522026,0.697
421720,0.801
412570,0.704
110032,0.646
150760,0.591
241255,0.591
221039,0.535
522020,0.664
316380,0.644
280700,0.567
251500,0.548
431915,0.667
292940,0.593
421715,0.71
221038,0.563
355020,0.71
320490,0.735
412560,0.719
211150,0.616
421710,0.742
431910,0.726
431912,0.652
431900,0.768
355010,0.744
412555,0.725
251490,0.641
140060,0.649
431890,0.741
522015,0.669
211130,0.768
211140,0.54
270850,0.536
221037,0.554
355000,0.697
231260,0.62
522010,0.731
421700,0.755
316370,0.759
431880,0.687
221035,0.595
421690,0.749
354995,0.728
261370,0.653
431870,0.739
221030,0.594
421660,0.809
510735,0.657
330515,0.66
431861,0.725
251445,0.541
510710,0.719
412550,0.758
241240,0.694
251480,0.556
354990,0.807
211125,0.557
431862,0.663
251470,0.617
354980,0.797
354970,0.774
510730,0.682
510729,0.661
221020,0.552
221010,0.573
431860,0.755
431850,0.623
316360,0.657
316350,0.566
292937,0.552
431849,0.747
431848,0.707
431846,0.717
316340,0.666
261360,0.635
221005,0.565
316330,0.658
421680,0.636
421670,0.731
241230,0.615
320480,0.688
251465,0.581
251460,0.578
261350,0.61
354960,0.684
316320,0.717
330513,0.652
211120,0.708
251455,0.565
251450,0.591
241220,0.611
251440,0.577
251430,0.565
292935,0.546
316310,0.704
270840,0.527
412545,0.713
431845,0.651
316300,0.583
316295,0.729
270830,0.573
251420,0.53
261340,0.608
412540,0.671
354950,0.693
316294,0.739
431844,0.732
412535,0.676
412530,0.743
412520,0.722
421650,0.687
261330,0.537
316292,0.662
354940,0.762
412480,0.727
261320,0.57
316290,0.708
316280,0.638
412510,0.629
251410,0.552
421640,0.695
211110,0.615
211107,0.517
241210,0.655
250070,0.608
431843,0.748
221000,0.645
354930,0.75
316270,0.615
211105,0.609
316265,0.625
316260,0.648
421625,0.761
316257,0.64
316255,0.65
231250,0.654
412500,0.693
421635,0.738
211102,0.509
251400,0.622
412490,0.664
220997,0.523
150750,0.55
150747,0.539
330510,0.719
316250,0.758
354925,0.748
220995,0.559
431842,0.694
316245,0.529
220990,0.582
354920,0.72
316240,0.569
150746,0.583
522005,0.724
316230,0.653
522000,0.685
316225,0.634
220987,0.515
220985,0.559
354910,0.797
330500,0.671
140050,0.655
421630,0.74
211100,0.598
316220,0.724
431840,0.696
412470,0.637
316210,0.736
330490,0.739
292930,0.627
316200,0.715
312550,0.64
316190,0.667
220980,0.616
316180,0.689
220975,0.56
241200,0.661
231240,0.665
316170,0.67
316150,0.651
316165,0.63
150745,0.595
316160,0.6
431830,0.699
500769,0.729
320470,0.709
130380,0.609
292925,0.592
354900,0.723
280690,0.587
251398,0.58
316110,0.638
421620,0.762
220970,0.57
150740,0.608
241190,0.628
211090,0.528
110149,0.611
316140,0.663
292920,0.674
211085,0.584
316130,0.688
431820,0.685
316120,0.66
330475,0.639
521990,0.651
431810,0.675
220965,0.485
330480,0.691
241180,0.608
150730,0.594
172015,0.574
220960,0.61
292905,0.639
510785,0.668
316105,0.62
211080,0.557
292900,0.639
110148,0.649
292910,0.616
280680,0.588
421610,0.765
251396,0.548
521980,0.597
431805,0.763
316100,0.69
320465,0.682
211070,0.582
251394,0.589
150720,0.532
211065,0.59
150715,0.594
316095,0.638
292895,0.64
292890,0.579
280670,0.662
421605,0.665
354890,0.805
421600,0.769
412460,0.682
261310,0.591
354880,0.862
150710,0.585
220955,0.596
316090,0.664
270820,0.572
431800,0.736
421590,0.731
211060,0.572
354870,0.805
421575,0.677
251390,0.58
211050,0.602
261300,0.593
241170,0.595
172010,0.605
421580,0.782
354860,0.72
241160,0.555
316080,0.672
251392,0.606
261290,0.53
211040,0.541
231230,0.611
354850,0.84
316070,0.741
354840,0.74
412450,0.739
220950,0.613
316060,0.657
354830,0.732
431795,0.732
292880,0.626
431790,0.738
431780,0.739
241150,0.62
150700,0.632
412440,0.671
220945,0.619
211030,0.566
316050,0.669
316045,0.57
431775,0.759
354820,0.706
412430,0.716
431755,0.764
316040,0.724
510780,0.656
510779,0.655
354810,0.714
316030,0.574
316020,0.558
130370,0.49
316010,0.633
521975,0.665
412420,0.696
316000,0.671
354805,0.757
315990,0.672
354800,0.702
330470,0.718
220940,0.584
292870,0.7
521973,0.723
431770,0.686
412410,0.718
431760,0.717
521971,0.691
354790,0.702
431750,0.772
354780,0.815
251385,0.6
354770,0.753
211027,0.518
280660,0.637
421570,0.781
292860,0.646
510726,0.689
431740,0.766
421569,0.728
315980,0.71
431730,0.712
421567,0.669
261280,0.593
510777,0.609
172000,0.637
421568,0.682
412405,0.738
521970,0.701
431725,0.746
171900,0.662
412402,0.705
521960,0.665
251380,0.627
292850,0.587
320460,0.714
354765,0.772
431720,0.769
171890,0.595
421565,0.705
120043,0.517
220937,0.567
354760,0.77
280650,0.592
421560,0.757
521950,0.701
315970,0.705
251370,0.627
211020,0.609
510776,0.735
171889,0.651
315960,0.721
354750,0.775
500755,0.642
521945,0.634
315950,0.607
354740,0.761
521940,0.714
315935,0.613
315930,0.682
315940,0.63
292840,0.605
315920,0.69
251365,0.622
150680,0.691
150690,0.587
211010,0.555
231220,0.616
292830,0.592
315910,0.647
251360,0.594
241142,0.642
280640,0.59
315900,0.665
220935,0.574
315895,0.685
270810,0.519
241140,0.591
211023,0.51
315890,0.621
431710,0.727
315880,0.647
412400,0.687
270800,0.591
315870,0.667
315860,0.651
231210,0.612
150670,0.602
231200,0.587
315850,0.628
354730,0.814
251350,0.535
315840,0.694
315830,0.698
354720,0.773
431700,0.633
292820,0.608
160060,0.692
412395,0.704
354710,0.739
431690,0.784
240933,0.59
412390,0.7
330460,0.668
171888,0.634
315820,0.64
315810,0.613
150660,0.598
412385,0.609
431695,0.676
261270,0.548
320455,0.671
315800,0.648
292810,0.614
354700,0.686
150658,0.544
261260,0.59
315790,0.61
431697,0.663
220930,0.588
251340,0.682
315780,0.715
211000,0.55
211003,0.599
150655,0.546
270790,0.597
280630,0.545
110029,0.67
292805,0.556
292800,0.598
354690,0.737
412382,0.687
320450,0.626
315770,0.706
412380,0.696
354680,0.738
521935,0.683
130360,0.479
150650,0.659
412370,0.72
412360,0.717
251335,0.572
210990,0.674
292790,0.574
421555,0.727
412350,0.744
251330,0.609
210980,0.571
315765,0.567
521930,0.724
354670,0.737
220920,0.544
261255,0.533
210975,0.525
412340,0.705
354660,0.784
171886,0.616
315760,0.615
521925,0.713
354650,0.738
315750,0.607
241120,0.635
261245,0.549
251320,0.618
510774,0.684
431680,0.773
220915,0.577
354640,0.762
220910,0.601
315740,0.625
261250,0.648
150640,0.557
315737,0.577
412330,0.71
315733,0.706
521920,0.688
292780,0.61
354630,0.728
354625,0.743
354620,0.79
261247,0.612
292770,0.654
431675,0.74
354610,0.733
421550,0.698
251315,0.525
431673,0.725
412320,0.723
510724,0.715
292760,0.546
354600,0.735
315720,0.707
315730,0.637
431670,0.725
150635,0.627
315727,0.606
315725,0.613
354580,0.781
521910,0.706
292750,0.583
412310,0.653
354570,0.728
354560,0.76
261240,0.603
421545,0.7
354550,0.709
171884,0.659
521900,0.736
431660,0.747
171880,0.606
210970,0.565
150630,0.608
431650,0.74
431647,0.753
292740,0.759
421540,0.784
354520,0.78
354540,0.704
412300,0.718
431645,0.687
412290,0.704
510775,0.666
354530,0.729
315710,0.608
354515,0.791
421535,0.654
261230,0.559
354510,0.719
231195,0.54
150620,0.647
315700,0.679
292730,0.617
261220,0.669
280620,0.609
412280,0.7
251310,0.568
261210,0.534
251300,0.563
421530,0.744
354480,0.751
354500,0.732
354490,0.772
431643,0.762
261200,0.585
354470,0.73
431642,0.678
315690,0.732
231190,0.575
354460,0.728
315680,0.638
412270,0.74
315670,0.731
241110,0.605
292720,0.61
231180,0.674
150619,0.548
354450,0.759
315660,0.609
521890,0.719
354440,0.721
315650,0.582
270780,0.505
354430,0.737
510770,0.65
210960,0.632
431640,0.699
412265,0.662
280610,0.631
315645,0.662
354425,0.764
140047,0.619
431630,0.688
412260,0.713
510760,0.755
150618,0.602
510757,0.64
431620,0.764
431610,0.724
412250,0.681
421520,0.692
315640,0.708
110028,0.7
431600,0.688
412240,0.739
431595,0.689
120042,0.567
241100,0.604
292710,0.632
315630,0.668
421510,0.754
431590,0.732
500750,0.651
315620,0.684
431580,0.729
354350,0.664
315610,0.653
421507,0.714
431575,0.661
315600,0.558
521880,0.754
500740,0.673
251290,0.585
171875,0.6
421505,0.653
292700,0.572
521878,0.731
315590,0.679
130356,0.611
315580,0.714
315570,0.685
431570,0.693
315560,0.624
315550,0.709
315540,0.707
320440,0.711
412230,0.76
500730,0.709
421500,0.738
150616,0.638
315530,0.648
270770,0.643
354420,0.703
431560,0.744
220900,0.572
354410,0.749
421490,0.806
261190,0.613
315520,0.602
421480,0.802
431555,0.656
421470,0.729
171870,0.616
315510,0.605
292690,0.594
421460,0.754
240895,0.569
315500,0.664
421450,0.729
292680,0.576
330455,0.799
292670,0.605
354400,0.759
330452,0.773
330450,0.68
421440,0.697
171865,0.608
110026,0.643
354390,0.803
330440,0.683
315490,0.65
500720,0.715
510720,0.707
412220,0.679
412217,0.64
120040,0.727
330430,0.71
412215,0.629
412210,0.729
320435,0.681
412200,0.687
315480,0.673
354380,0.723
354370,0.734
354360,0.74
280600,0.613
220890,0.601
354280,0.698
510719,0.692
315470,0.737
354340,0.8
354330,0.784
261180,0.602
354325,0.705
354320,0.747
354323,0.721
412190,0.701
292665,0.54
315460,0.684
354310,0.711
412180,0.716
510718,0.67
354300,0.639
354290,0.712
292660,0.601
220887,0.52
292650,0.512
500710,0.664
210955,0.615
521870,0.693
521860,0.727
280590,0.617
241090,0.592
220885,0.541
315450,0.627
251280,0.568
251278,0.594
241080,0.591
292640,0.615
261170,0.57
241070,0.584
171855,0.572
315445,0.632
251274,0.574
210950,0.576
251276,0.555
292630,0.628
280580,0.539
251275,0.553
292620,0.578
292610,0.636
354270,0.705
431550,0.683
315440,0.683
315430,0.67
412170,0.618
412175,0.648
510715,0.676
330420,0.768
315420,0.685
231170,0.601
412160,0.733
251270,0.607
292600,0.579
431545,0.731
354260,0.754
354250,0.728
354240,0.768
220880,0.591
315415,0.629
431540,0.631
150613,0.672
220870,0.589
354230,0.657
231160,0.626
171850,0.5
315410,0.692
261160,0.772
412150,0.672
412140,0.722
315400,0.655
315390,0.73
210945,0.626
421430,0.753
412130,0.707
412135,0.704
354220,0.751
412125,0.63
354210,0.745
292595,0.564
241060,0.654
241050,0.608
231150,0.622
231140,0.642
231135,0.591
231130,0.659
292593,0.578
261153,0.577
251260,0.622
231126,0.594
412120,0.68
330415,0.704
521850,0.74
261150,0.552
431535,0.756
354200,0.732
412110,0.715
421420,0.73
292590,0.544
431532,0.665
510706,0.692
412100,0.688
354190,0.722
315380,0.682
354180,0.715
330414,0.68
251250,0.608
292580,0.592
220865,0.515
412090,0.681
270760,0.559
412085,0.791
431531,0.689
412080,0.742
330412,0.69
150611,0.543
412070,0.714
354170,0.738
412065,0.71
315370,0.683
431530,0.704
354165,0.678
251240,0.617
431520,0.715
241040,0.567
171845,0.669
412060,0.676
315360,0.69
431517,0.733
280570,0.661
354160,0.743
431515,0.683
521839,0.684
421415,0.706
251230,0.606
412050,0.701
210940,0.512
261140,0.58
150610,0.577
510704,0.752
110147,0.641
354150,0.763
210930,0.587
292575,0.559
210927,0.557
354140,0.806
315340,0.701
421410,0.737
110025,0.664
210923,0.591
431514,0.757
315330,0.595
171840,0.669
320430,0.657
210920,0.563
315320,0.614
210920,0.563
292570,0.542
421400,0.759
130353,0.647
354130,0.75
210910,0.653
292560,0.614
412040,0.713
421390,0.77
354120,0.757
315310,0.632
354110,0.735
315300,0.721
315290,0.729
251220,0.608
354105,0.701
315280,0.695
220860,0.565
412035,0.752
150600,0.523
171830,0.583
354100,0.754
421380,0.718
315270,0.689
354090,0.733
412033,0.71
292550,0.621
160055,0.614
354085,0.696
510700,0.678
421370,0.72
431513,0.715
315260,0.71
315250,0.774
231123,0.604
354080,0.747
292540,0.625
354075,0.697
231120,0.562
315240,0.624
521830,0.659
431510,0.723
120039,0.532
412030,0.685
431507,0.69
110020,0.736
421360,0.786
292530,0.676
412020,0.735
210905,0.615
330411,0.713
270750,0.551
220850,0.549
171820,0.74
500690,0.666
431505,0.698
431500,0.693
160053,0.64
210900,0.684
315230,0.634
354070,0.751
354060,0.758
510685,0.599
510682,0.652
510680,0.685
241025,0.59
270740,0.541
150590,0.503
280560,0.568
270730,0.586
421350,0.76
412015,0.688
412010,0.7
431490,0.805
171800,0.645
220855,0.563
510677,0.673
120080,0.576
150580,0.483
521810,0.654
315220,0.651
231110,0.622
521805,0.684
431480,0.713
241020,0.621
412000,0.738
330410,0.697
521800,0.727
231100,0.581
354050,0.703
354040,0.714
292525,0.58
315217,0.595
315213,0.606
320425,0.669
354030,0.732
421340,0.693
510675,0.703
431478,0.725
315210,0.717
510670,0.686
421330,0.673
171790,0.624
421335,0.689
171780,0.603
500660,0.701
431477,0.725
354020,0.725
354025,0.702
521770,0.687
411995,0.738
510665,0.734
411990,0.763
150570,0.562
354010,0.755
315200,0.689
354000,0.786
421320,0.78
261130,0.598
251210,0.634
353990,0.766
292520,0.666
315190,0.626
280550,0.561
315180,0.779
280540,0.529
510650,0.652
315170,0.691
292510,0.604
251207,0.612
270720,0.526
431475,0.744
251203,0.525
241010,0.587
251200,0.591
261120,0.528
210890,0.576
353980,0.771
353970,0.719
315160,0.712
353960,0.719
431470,0.687
411980,0.706
510645,0.656
292500,0.56
421315,0.751
292490,0.572
521760,0.669
411970,0.705
120038,0.622
150565,0.552
171750,0.65
315150,0.737
320420,0.727
251190,0.57
315140,0.725
353950,0.723
411965,0.71
411960,0.702
251180,0.595
292480,0.578
220840,0.635
292470,0.575
231095,0.591
521740,0.744
521730,0.693
315130,0.684
421310,0.758
431460,0.658
353940,0.779
353930,0.801
171720,0.621
411950,0.7
353920,0.776
431455,0.669
315120,0.731
353910,0.727
315110,0.709
210880,0.576
521720,0.721
270710,0.589
315100,0.717
315090,0.685
353900,0.756
315080,0.6
280530,0.603
353880,0.758
353890,0.749
315070,0.723
330400,0.708
411940,0.708
292467,0.533
220830,0.596
353870,0.785
315060,0.646
521710,0.721
353860,0.739
353850,0.757
231090,0.6
353830,0.711
210870,0.541
220820,0.564
315057,0.594
292465,0.612
320410,0.673
421300,0.777
431450,0.661
210860,0.637
431449,0.71
330395,0.715
280520,0.583
411930,0.654
353820,0.725
421290,0.783
431445,0.72
431447,0.678
411925,0.695
431446,0.65
411920,0.697
411915,0.751
315053,0.619
231085,0.636
353810,0.737
171700,0.605
292460,0.577
270700,0.574
210850,0.633
353800,0.773
292450,0.603
220810,0.566
110146,0.665
315050,0.686
110018,0.71
251170,0.564
241000,0.614
251160,0.56
251150,0.579
353790,0.69
521690,0.684
270690,0.61
292440,0.506
411910,0.694
353780,0.716
315040,0.626
315030,0.678
315020,0.639
315015,0.612
251140,0.608
220800,0.698
150563,0.563
431442,0.758
315010,0.629
292430,0.571
251130,0.621
353770,0.732
270680,0.572
330390,0.745
261110,0.697
521680,0.712
421270,0.716
261100,0.623
261090,0.61
315000,0.656
353760,0.749
411890,0.7
521645,0.676
411900,0.726
411885,0.713
210845,0.564
421260,0.766
314995,0.651
210840,0.599
231080,0.601
353750,0.736
353740,0.766
314990,0.744
314980,0.723
314970,0.703
171665,0.627
314960,0.674
314950,0.694
231070,0.629
421250,0.743
270670,0.63
240990,0.631
353730,0.759
210830,0.554
231060,0.646
431440,0.739
431430,0.741
510642,0.649
171660,0.674
150560,0.581
240980,0.568
314940,0.637
251272,0.542
431420,0.678
314930,0.757
220793,0.562
220790,0.571
500640,0.671
210825,0.516
353720,0.696
320405,0.654
240970,0.583
292420,0.513
171650,0.732
314920,0.729
280510,0.592
353715,0.774
353710,0.769
210820,0.682
353700,0.715
421240,0.728
314915,0.614
251120,0.59
431417,0.64
240960,0.558
510637,0.679
261080,0.567
292410,0.588
353690,0.742
280500,0.593
314910,0.675
251110,0.574
240950,0.559
314900,0.655
314890,0.708
314880,0.624
251100,0.599
160015,0.626
231050,0.603
314875,0.573
353680,0.677
314870,0.627
292405,0.587
353670,0.739
314860,0.627
411880,0.723
220785,0.526
431415,0.683
314850,0.627
210810,0.549
421230,0.716
270660,0.589
411870,0.708
353660,0.725
431413,0.71
292400,0.674
314840,0.625
261070,0.732
251090,0.587
353657,0.718
220780,0.6
210805,0.561
353650,0.795
353640,0.711
411860,0.717
314830,0.637
130350,0.496
240940,0.678
171630,0.661
150555,0.574
220779,0.514
261060,0.639
292390,0.583
330385,0.671
240930,0.618
353630,0.73
314810,0.729
314820,0.682
251080,0.701
220777,0.563
314800,0.765
411850,0.782
411845,0.747
314795,0.614
210800,0.61
314790,0.756
421227,0.659
431410,0.776
431407,0.698
421225,0.72
270650,0.533
261050,0.592
314780,0.648
314770,0.687
431406,0.622
314760,0.715
240920,0.589
251070,0.62
210790,0.532
220775,0.561
240910,0.606
314750,0.642
431405,0.704
210780,0.542
240325,0.766
261040,0.599
220770,0.687
220760,0.575
353625,0.721
353620,0.736
270644,0.605
292380,0.577
130340,0.658
270642,0.548
240890,0.676
110145,0.617
431403,0.749
353610,0.727
240880,0.549
240870,0.603
521640,0.672
150553,0.715
330380,0.693
292370,0.59
251065,0.584
353600,0.737
314740,0.694
500635,0.588
411840,0.763
171620,0.595
510630,0.667
261030,0.537
240860,0.589
353590,0.732
411830,0.709
353580,0.717
510629,0.672
521630,0.711
500630,0.721
411820,0.75
411810,0.717
231040,0.583
292360,0.615
231030,0.57
353570,0.749
421223,0.7
314730,0.729
171610,0.764
431402,0.676
411800,0.746
431400,0.773
231025,0.634
353560,0.719
210770,0.58
330370,0.702
353550,0.762
314720,0.715
150550,0.645
314710,0.725
231020,0.637
314700,0.744
330360,0.72
220755,0.509
421220,0.704
314690,0.666
270640,0.593
431395,0.661
353540,0.722
261020,0.569
320400,0.667
431390,0.761
521600,0.686
411790,0.768
314675,0.565
421210,0.737
431380,0.72
353530,0.746
411780,0.639
521590,0.722
521580,0.73
171575,0.673
261010,0.549
171380,0.628
521570,0.698
421205,0.671
292350,0.643
411770,0.718
171570,0.571
210760,0.556
220750,0.562
270630,0.638
220740,0.557
353520,0.753
431370,0.737
172100,0.788
411760,0.66
421200,0.704
292340,0.586
261000,0.622
353510,0.722
431365,0.715
314670,0.703
231010,0.622
421190,0.757
231000,0.638
353500,0.732
150549,0.589
521565,0.713
270620,0.558
220735,0.559
314660,0.72
314655,0.59
314650,0.728
421189,0.664
314640,0.669
431360,0.706
411750,0.716
421187,0.718
220730,0.575
314630,0.596
220720,0.541
314625,0.599
521560,0.651
230990,0.621
230980,0.635
210750,0.724
280490,0.555
230970,0.675
140045,0.65
230960,0.659
150548,0.515
353490,0.725
521550,0.747
353480,0.692
421185,0.695
411745,0.709
314620,0.595
521540,0.719
251060,0.614
421180,0.774
314610,0.741
110015,0.682
292335,0.56
314600,0.722
353475,0.77
240850,0.645
314590,0.764
270610,0.547
411740,0.72
353470,0.778
150543,0.624
260990,0.572
292330,0.607
150540,0.568
421175,0.74
353460,0.762
431350,0.751
353450,0.749
353440,0.776
411730,0.609
230950,0.636
260980,0.61
260970,0.61
421170,0.755
353430,0.78
521530,0.715
314587,0.562
150530,0.623
353420,0.767
353410,0.77
314585,0.637
353400,0.738
314580,0.663
270600,0.493
314560,0.699
314570,0.635
292320,0.554
171550,0.675
251050,0.603
292310,0.559
260960,0.735
210745,0.575
314550,0.674
353390,0.773
314545,0.626
251040,0.572
270590,0.503
220710,0.576
270580,0.525
240840,0.585
270570,0.565
210740,0.589
353380,0.73
314540,0.636
160050,0.658
220700,0.634
150520,0.507
353370,0.717
230945,0.594
150510,0.594
353360,0.746
431346,0.767
292305,0.554
431344,0.676
510628,0.649
220695,0.528
510631,0.653
314537,0.616
150506,0.537
150503,0.673
521525,0.658
220690,0.562
314535,0.555
230940,0.605
510626,0.674
431342,0.663
270560,0.521
171525,0.596
411729,0.71
353350,0.753
421165,0.706
500625,0.649
110050,0.634
510627,0.664
292303,0.597
431340,0.747
521523,0.684
314530,0.571
431339,0.688
521520,0.699
431349,0.706
130330,0.554
171515,0.699
130320,0.57
171510,0.639
510625,0.704
292300,0.654
421160,0.768
521500,0.718
320390,0.712
110143,0.587
313660,0.662
510624,0.669
421150,0.748
150500,0.609
411727,0.651
292290,0.555
314520,0.715
411722,0.731
431337,0.718
220795,0.554
510619,0.714
411721,0.68
230930,0.614
171500,0.661
521490,0.634
431335,0.741
314510,0.671
292285,0.567
431333,0.742
431330,0.766
411725,0.716
314505,0.641
314500,0.701
431320,0.78
251030,0.595
431310,0.744
431308,0.761
171488,0.631
251020,0.573
130310,0.558
210735,0.581
230920,0.625
411720,0.71
510623,0.682
353340,0.791
510617,0.595
510622,0.758
510895,0.691
314490,0.63
510890,0.663
510885,0.704
110033,0.587
353330,0.743
411710,0.758
314480,0.813
411705,0.642
510618,0.636
292280,0.524
421145,0.736
353325,0.719
150497,0.581
210730,0.584
353320,0.735
330350,0.713
521487,0.655
292275,0.57
431306,0.689
353310,0.726
510880,0.688
353300,0.739
521486,0.681
330340,0.745
251010,0.601
411700,0.688
292273,0.597
353290,0.765
411690,0.722
431303,0.735
411695,0.714
150495,0.502
421140,0.765
314470,0.709
240830,0.629
521483,0.643
210725,0.566
353286,0.756
411680,0.658
431301,0.759
353284,0.715
510621,0.686
292270,0.545
353282,0.651
431300,0.778
510620,0.651
110014,0.643
431295,0.768
314467,0.592
431290,0.747
510615,0.65
411670,0.733
521480,0.747
431280,0.785
500620,0.721
521470,0.678
411660,0.698
431275,0.74
500600,0.694
353280,0.738
411650,0.717
220680,0.533
280480,0.664
510610,0.638
220675,0.586
280470,0.598
411640,0.709
280460,0.6
280450,0.587
280445,0.577
510600,0.702
140040,0.594
292265,0.56
431270,0.702
510590,0.699
330330,0.837
240820,0.622
521460,0.715
353270,0.713
500580,0.639
314465,0.556
210720,0.585
330320,0.753
292260,0.547
431267,0.753
353260,0.751
130300,0.586
353250,0.754
521450,0.721
314460,0.667
280440,0.589
521440,0.71
220672,0.602
251000,0.562
171430,0.643
353240,0.678
314450,0.69
220670,0.576
260950,0.662
292250,0.641
500570,0.7
421130,0.736
250990,0.541
171420,0.673
330310,0.73
353230,0.655
314440,0.693
240810,0.763
314437,0.671
353220,0.718
314435,0.675
431265,0.765
314430,0.701
353215,0.714
314420,0.585
314410,0.74
521410,0.68
314400,0.644
292240,0.601
353210,0.726
292230,0.66
171395,0.596
220669,0.53
270550,0.527
280430,0.626
314390,0.734
320380,0.694
292225,0.549
320370,0.645
292220,0.617
314380,0.647
411630,0.726
500568,0.686
521405,0.634
292210,0.59
250980,0.565
292205,0.566
230910,0.607
431262,0.689
431261,0.702
320360,0.666
292200,0.665
431260,0.746
292190,0.606
230900,0.607
140030,0.665
150490,0.547
521400,0.683
353205,0.741
431250,0.664
240800,0.72
521390,0.706
353200,0.715
292180,0.618
210710,0.548
431247,0.743
431245,0.702
421125,0.701
314370,0.597
220667,0.55
292170,0.588
314360,0.648
421120,0.738
220665,0.542
353190,0.712
521385,0.695
521380,0.734
431244,0.711
230890,0.588
411620,0.686
292160,0.558
431242,0.714
260940,0.652
411610,0.675
261430,0.6
230880,0.581
314350,0.696
230870,0.61
521375,0.733
521377,0.613
314345,0.587
314340,0.724
314330,0.77
521370,0.707
171370,0.62
314320,0.71
292150,0.506
210700,0.575
431240,0.755
110140,0.607
353180,0.733
270540,0.539
250970,0.628
353170,0.71
250960,0.587
314315,0.541
171360,0.622
240790,0.598
353160,0.741
421110,0.675
314310,0.728
421105,0.643
314300,0.688
431238,0.752
353150,0.753
314290,0.659
353140,0.785
353130,0.768
240780,0.609
150480,0.589
353120,0.759
431237,0.65
220660,0.578
280420,0.553
314280,0.674
521350,0.615
431235,0.764
240770,0.557
320350,0.667
314270,0.613
250950,0.59
230860,0.61
314260,0.721
220650,0.561
220640,0.615
314250,0.65
353110,0.754
421100,0.748
353100,0.772
210690,0.546
353090,0.719
230850,0.582
150470,0.547
280410,0.587
521340,0.696
353080,0.784
353070,0.774
353060,0.783
250940,0.574
314240,0.721
314230,0.638
421090,0.76
353050,0.762
150460,0.575
230840,0.622
411605,0.711
210680,0.622
421085,0.708
314225,0.593
353030,0.762
510562,0.704
353040,0.738
411600,0.748
353020,0.724
110130,0.643
292145,0.527
171330,0.662
292140,0.542
353010,0.751
260930,0.591
500560,0.632
210675,0.61
314220,0.68
230837,0.592
431230,0.725
353000,0.743
314210,0.663
411590,0.68
210670,0.545
330300,0.713
171320,0.684
352990,0.697
314200,0.665
110120,0.638
521310,0.718
352980,0.73
314190,0.658
314180,0.633
431225,0.681
270530,0.563
521308,0.707
320340,0.67
521305,0.665
220635,0.508
230835,0.626
210667,0.527
230830,0.628
292130,0.622
330290,0.745
352970,0.741
220630,0.623
292120,0.586
220620,0.539
240760,0.644
270520,0.568
330285,0.737
314170,0.656
352965,0.724
230820,0.618
352960,0.731
314160,0.664
411585,0.74
352950,0.744
330280,0.736
314150,0.626
150450,0.418
421080,0.738
314140,0.624
150445,0.582
411580,0.763
292110,0.625
314130,0.711
160040,0.592
431220,0.699
240750,0.608
230810,0.605
521300,0.677
171280,0.58
130290,0.588
352940,0.766
411575,0.652
314120,0.707
250939,0.572
510560,0.716
270510,0.584
521295,0.679
314110,0.731
314100,0.662
421070,0.657
411573,0.632
431217,0.717
431215,0.746
250937,0.565
210660,0.55
210663,0.533
431213,0.727
314090,0.631
411570,0.743
250933,0.541
210650,0.619
292105,0.572
220610,0.562
314085,0.616
314080,0.72
317150,0.612
314070,0.704
314060,0.597
411560,0.725
171270,0.607
314055,0.581
431210,0.656
210640,0.57
250930,0.536
352930,0.773
270500,0.504
292100,0.668
421060,0.774
250920,0.567
220605,0.525
230800,0.616
292090,0.581
521290,0.699
270490,0.577
411550,0.721
280400,0.618
314053,0.635
240740,0.622
352920,0.721
230790,0.599
314050,0.669
411545,0.614
431205,0.687
314040,0.65
411540,0.722
314030,0.657
250915,0.608
150442,0.676
250910,0.548
411535,0.758
314020,0.68
411530,0.698
314015,0.699
352910,0.731
411520,0.808
411510,0.639
352900,0.798
411500,0.681
320335,0.696
411490,0.691
314010,0.615
330270,0.765
270480,0.597
352890,0.718
171250,0.631
431200,0.73
431198,0.701
314000,0.742
411480,0.735
411470,0.703
313990,0.702
421055,0.743
120035,0.501
320334,0.71
270470,0.642
411460,0.774
313980,0.684
220600,0.59
220595,0.562
230780,0.612
292080,0.561
240730,0.609
431190,0.724
510558,0.701
250905,0.529
313970,0.672
421050,0.781
270460,0.569
431180,0.774
292070,0.593
431179,0.697
320332,0.696
521280,0.691
352885,0.752
150440,0.609
210637,0.55
230770,0.659
210635,0.452
260920,0.534
292060,0.621
270450,0.574
292050,0.607
230765,0.686
150430,0.57
500540,0.736
421040,0.768
352880,0.771
210632,0.582
352870,0.677
150420,0.668
130280,0.498
431177,0.682
320330,0.657
313960,0.675
292045,0.599
292040,0.566
431175,0.655
120034,0.551
411450,0.716
220590,0.573
130270,0.582
313950,0.697
313940,0.689
411440,0.688
330260,0.753
313930,0.642
411435,0.645
352860,0.739
411430,0.655
411420,0.751
411410,0.718
120033,0.625
130260,0.737
260915,0.487
130255,0.596
250900,0.543
130250,0.614
431173,0.649
313925,0.618
411400,0.719
521270,0.626
250890,0.585
250880,0.642
411390,0.708
280390,0.587
280380,0.599
292030,0.578
292020,0.562
313920,0.618
421030,0.69
240725,0.617
270440,0.566
421020,0.698
521260,0.745
352850,0.788
352840,0.743
292010,0.572
292000,0.576
330250,0.709
352830,0.753
210630,0.567
150410,0.597
421010,0.777
291995,0.538
150405,0.599
250870,0.542
313910,0.699
291992,0.708
220585,0.563
230763,0.61
291990,0.604
330245,0.703
421005,0.662
260910,0.578
313900,0.715
431170,0.692
110013,0.596
313890,0.64
270430,0.721
352820,0.74
240720,0.665
291980,0.609
352810,0.743
352800,0.77
291970,0.605
260900,0.609
160030,0.733
280370,0.583
431171,0.684
291960,0.524
240710,0.64
330240,0.764
313880,0.724
171245,0.639
220580,0.545
521250,0.701
421003,0.789
352790,0.72
411380,0.71
352780,0.724
411375,0.69
313870,0.678
352770,0.702
411373,0.668
421000,0.737
313868,0.614
240700,0.608
291955,0.716
210620,0.588
220570,0.541
313867,0.608
352760,0.731
240690,0.646
510530,0.676
352750,0.733
250860,0.583
352740,0.752
510525,0.768
352730,0.777
352725,0.742
210610,0.582
352720,0.766
420990,0.704
313865,0.646
411370,0.778
250855,0.583
411360,0.744
411350,0.725
171240,0.57
250850,0.566
291950,0.611
352710,0.786
320320,0.724
431164,0.749
431162,0.712
352700,0.742
420985,0.743
411345,0.666
260890,0.663
230760,0.682
150400,0.541
270420,0.58
352690,0.775
313862,0.71
313860,0.71
210600,0.581
411342,0.68
291940,0.621
313850,0.672
431160,0.685
411340,0.707
521230,0.659
313840,0.726
420980,0.686
352680,0.764
291930,0.623
352670,0.744
313835,0.67
420970,0.649
313830,0.71
352660,0.729
313820,0.782
431150,0.699
230750,0.613
352650,0.721
171215,0.66
420960,0.735
291920,0.754
420950,0.749
250840,0.533
313810,0.629
280360,0.642
411330,0.706
411325,0.585
352640,0.729
313800,0.714
160027,0.665
320316,0.656
411320,0.706
291915,0.596
220560,0.584
313790,0.655
313780,0.711
510523,0.627
291910,0.518
313770,0.661
240670,0.624
240680,0.625
260880,0.611
330230,0.668
291905,0.584
291900,0.546
291890,0.632
291880,0.586
171200,0.675
431140,0.778
210598,0.589
420945,0.771
431142,0.613
420940,0.752
500525,0.672
210590,0.557
352630,0.693
220554,0.597
210594,0.602
210580,0.581
210570,0.589
431130,0.738
250830,0.627
313760,0.777
521225,0.74
240660,0.582
291875,0.545
250810,0.563
431125,0.643
240650,0.585
260875,0.597
313753,0.679
210596,0.502
313750,0.703
313740,0.676
171195,0.579
431127,0.789
313730,0.634
220559,0.541
260870,0.551
220558,0.583
260860,0.525
210592,0.566
260845,0.609
220556,0.502
240640,0.589
220557,0.529
240630,0.553
260850,0.602
250820,0.57
313720,0.732
240620,0.601
171190,0.627
270410,0.552
431123,0.67
220555,0.55
420930,0.77
280350,0.625
313710,0.718
291870,0.599
500520,0.704
313700,0.541
420920,0.781
130240,0.531
411310,0.721
313695,0.592
500515,0.623
130230,0.516
291860,0.602
291855,0.567
411300,0.718
521220,0.743
291850,0.571
510520,0.714
150390,0.592
250800,0.57
510517,0.662
313690,0.723
130220,0.522
250790,0.548
220553,0.555
260840,0.509
411295,0.708
313680,0.669
352620,0.709
352610,0.7
260830,0.575
420917,0.719
352600,0.745
270400,0.575
240615,0.595
352590,0.822
411290,0.688
270390,0.562
250780,0.617
210565,0.552
352585,0.741
352580,0.716
431120,0.716
220552,0.582
313670,0.778
510515,0.716
240610,0.601
291845,0.541
260825,0.55
230740,0.598
220551,0.57
230730,0.694
291840,0.677
250770,0.567
313665,0.717
171180,0.584
250760,0.579
510510,0.682
521210,0.706
313655,0.617
313657,0.564
210560,0.561
313652,0.632
220550,0.618
240600,0.608
352570,0.777
420915,0.694
120032,0.469
313650,0.628
420910,0.809
431115,0.686
220545,0.504
411280,0.7
220540,0.522
260820,0.554
270380,0.531
313640,0.637
352560,0.741
313630,0.697
250750,0.763
320313,0.753
313620,0.758
210550,0.641
291835,0.593
240590,0.53
220535,0.561
240580,0.595
260810,0.576
352550,0.699
313610,0.626
313600,0.587
420900,0.827
291830,0.575
291820,0.553
110012,0.714
230725,0.652
521205,0.649
411275,0.705
313590,0.658
220530,0.591
320310,0.698
352540,0.703
250740,0.603
291810,0.547
313580,0.615
313570,0.689
313560,0.643
291800,0.665
270375,0.556
313550,0.601
210547,0.49
313545,0.624
313540,0.661
352530,0.778
510500,0.673
521200,0.689
171150,0.662
260805,0.645
210545,0.561
220527,0.566
230720,0.651
500510,0.708
260800,0.53
411270,0.687
521190,0.757
110011,0.689
431113,0.631
352520,0.733
352510,0.735
420895,0.709
411260,0.682
500500,0.712
240570,0.663
220525,0.593
240560,0.603
240550,0.565
230710,0.614
411250,0.689
270370,0.552
500490,0.664
521180,0.699
420890,0.803
431112,0.614
260795,0.575
411240,0.712
130210,0.522
500480,0.526
313535,0.608
280340,0.56
240540,0.569
411230,0.696
330227,0.659
280330,0.621
270360,0.57
313530,0.721
240530,0.574
313520,0.658
411220,0.696
510490,0.63
240520,0.615
352500,0.76
240510,0.569
291790,0.55
521170,0.707
411210,0.747
313510,0.696
313507,0.609
352490,0.756
352480,0.776
220520,0.524
313505,0.638
420880,0.721
230700,0.624
352470,0.784
431110,0.712
291780,0.556
230690,0.621
230680,0.618
411200,0.743
230670,0.612
320305,0.678
291770,0.659
431100,0.707
313500,0.679
291760,0.58
411190,0.715
431090,0.726
313490,0.715
352460,0.717
150380,0.622
431087,0.662
270350,0.548
313480,0.668
220515,0.535
291750,0.649
352450,0.723
313470,0.62
420870,0.716
510480,0.735
411180,0.743
352440,0.777
270340,0.583
150375,0.505
250730,0.558
291740,0.593
240500,0.604
411170,0.718
313460,0.681
431085,0.658
352430,0.778
420860,0.732
352420,0.711
291735,0.613
260790,0.717
431080,0.784
431075,0.724
521160,0.704
500470,0.72
411160,0.766
411155,0.706
411140,0.651
411150,0.73
320300,0.666
291733,0.591
352410,0.765
313450,0.727
352390,0.773
313440,0.747
420850,0.748
150370,0.528
352400,0.762
313430,0.726
521150,0.752
313420,0.739
313410,0.635
291730,0.606
291720,0.57
291710,0.594
352380,0.717
291700,0.544
291690,0.6
352370,0.707
352360,0.724
510460,0.693
313400,0.6
210542,0.63
313390,0.627
240490,0.614
313380,0.758
411130,0.656
220510,0.583
313375,0.776
521140,0.718
510455,0.69
160025,0.576
250720,0.562
431065,0.669
230660,0.562
352350,0.706
291685,0.582
352340,0.778
431070,0.681
313370,0.677
330225,0.737
420800,0.771
521130,0.693
352330,0.677
230655,0.606
352320,0.703
291680,0.61
320290,0.684
260780,0.586
431060,0.713
500460,0.62
291670,0.553
352310,0.714
352300,0.72
521120,0.726
352290,0.725
431057,0.664
110110,0.614
250710,0.564
352280,0.719
250700,0.615
280320,0.561
500450,0.654
171110,0.65
352270,0.744
420845,0.761
230650,0.604
291660,0.571
260775,0.633
171090,0.601
352260,0.762
352265,0.661
521100,0.677
420840,0.775
130200,0.654
230640,0.64
291650,0.486
352250,0.735
352240,0.732
313360,0.72
352230,0.763
291640,0.667
260770,0.592
330220,0.73
411125,0.637
320280,0.654
420830,0.796
411120,0.731
210540,0.599
313350,0.713
352220,0.742
291630,0.572
291620,0.599
291610,0.67
313340,0.723
230630,0.623
521090,0.725
352215,0.68
330210,0.713
313330,0.629
313320,0.65
291600,0.637
510454,0.71
313310,0.739
352210,0.745
291590,0.584
313300,0.705
313290,0.674
411110,0.746
260765,0.575
313280,0.634
291580,0.578
411100,0.694
313270,0.634
291570,0.578
313260,0.688
130195,0.477
313250,0.646
291560,0.627
330205,0.688
352200,0.705
291550,0.599
291540,0.592
313240,0.787
352190,0.73
240485,0.624
420820,0.795
521080,0.691
150360,0.64
230625,0.626
352180,0.713
411095,0.738
313230,0.552
210535,0.518
420810,0.708
220500,0.541
230620,0.656
260750,0.51
171070,0.616
521060,0.718
521056,0.693
313220,0.691
411090,0.707
330200,0.715
320270,0.702
291535,0.562
291530,0.634
291520,0.589
291510,0.543
291500,0.572
431055,0.657
260740,0.595
130190,0.644
291490,0.583
313210,0.641
313200,0.628
171050,0.612
291480,0.712
330190,0.693
280310,0.602
313190,0.73
313180,0.653
313170,0.756
352170,0.693
521040,0.719
291470,0.62
291465,0.599
280300,0.556
280290,0.642
250690,0.613
431053,0.76
521030,0.711
220490,0.582
320265,0.637
150350,0.559
420790,0.699
411080,0.665
291460,0.691
230610,0.605
420785,0.707
411070,0.726
291450,0.62
291440,0.599
352160,0.712
352150,0.713
420780,0.742
130185,0.613
291430,0.571
291420,0.576
431050,0.691
313160,0.695
420775,0.722
140028,0.582
352140,0.776
411065,0.707
230600,0.652
291410,0.59
420770,0.738
313150,0.686
170980,0.62
230590,0.573
240480,0.679
230580,0.618
260730,0.55
352130,0.749
420768,0.66
411060,0.706
352120,0.703
521020,0.743
420765,0.759
260720,0.619
150345,0.489
130180,0.481
420760,0.736
411050,0.652
431046,0.791
220480,0.63
510452,0.727
521015,0.696
291400,0.549
352115,0.73
291390,0.67
313140,0.696
352110,0.753
431043,0.728
352100,0.719
291380,0.55
352090,0.727
230570,0.606
313130,0.771
230565,0.579
240470,0.603
313120,0.693
521010,0.701
313115,0.665
420757,0.795
352080,0.759
500440,0.681
313110,0.664
521000,0.72
220470,0.624
313100,0.702
313090,0.658
270330,0.484
150340,0.572
291370,0.565
431041,0.673
260710,0.608
250680,0.592
313080,0.697
510450,0.661
280280,0.58
520995,0.701
352070,0.751
411040,0.724
313070,0.674
352060,0.761
431040,0.693
230560,0.632
352050,0.788
420750,0.777
313065,0.61
313060,0.692
411030,0.705
260700,0.523
411020,0.6
520993,0.692
210530,0.731
431036,0.743
420740,0.713
411010,0.66
420730,0.765
431033,0.764
313055,0.553
411007,0.622
420720,0.667
250670,0.557
431030,0.73
313050,0.68
420710,0.738
291360,0.69
352044,0.812
220465,0.563
260760,0.653
280270,0.562
352042,0.725
352040,0.756
431020,0.781
313040,0.714
411005,0.703
230550,0.677
500430,0.662
313030,0.707
411000,0.758
260690,0.598
352030,0.726
291350,0.552
330187,0.761
431010,0.721
270320,0.568
291345,0.574
313020,0.651
352020,0.711
260680,0.665
150330,0.547
313010,0.698
210520,0.614
210515,0.569
150320,0.595
352010,0.768
250260,0.61
352000,0.727
291340,0.614
270310,0.564
351990,0.736
240460,0.55
320260,0.729
230540,0.606
291330,0.631
351980,0.72
210510,0.546
420700,0.741
410990,0.666
313005,0.624
230535,0.616
291320,0.636
351970,0.71
313000,0.675
312990,0.674
291310,0.602
320255,0.622
351960,0.747
291300,0.585
431000,0.765
312980,0.704
291290,0.576
351940,0.74
351950,0.708
430995,0.638
291280,0.614
291270,0.558
420690,0.737
260670,0.58
430990,0.724
320250,0.726
312970,0.706
312965,0.591
291260,0.511
410980,0.726
291250,0.584
291240,0.616
260660,0.552
230533,0.606
291230,0.584
291220,0.591
420680,0.708
291210,0.625
291200,0.611
250660,0.586
230530,0.608
420675,0.725
312950,0.718
312960,0.614
430980,0.739
312940,0.657
410975,0.685
320245,0.647
351930,0.703
270300,0.518
230526,0.577
430975,0.652
410970,0.71
260650,0.528
351925,0.674
312930,0.654
291190,0.574
351920,0.733
520990,0.644
351910,0.745
210500,0.535
430970,0.738
130170,0.605
430965,0.643
220460,0.599
351907,0.756
430960,0.783
230523,0.658
410965,0.683
351905,0.793
520980,0.677
520970,0.706
230520,0.597
430957,0.616
430710,0.687
420670,0.758
351900,0.727
291185,0.563
312920,0.657
520960,0.694
430955,0.749
351890,0.697
170950,0.759
150310,0.509
250650,0.625
250640,0.556
312910,0.68
312900,0.674
510420,0.705
312890,0.693
210490,0.625
312880,0.683
500410,0.675
312870,0.751
351885,0.743
420665,0.717
351880,0.763
351870,0.751
420660,0.73
520945,0.652
220455,0.508
351860,0.719
351850,0.687
312860,0.69
410960,0.717
351840,0.798
291180,0.558
351770,0.718
351830,0.731
351820,0.763
312850,0.652
410950,0.587
410940,0.731
320240,0.731
351810,0.713
510410,0.703
312840,0.677
351800,0.732
520940,0.637
430950,0.737
410930,0.677
312830,0.701
420650,0.751
230510,0.637
170930,0.741
520929,0.687
351790,0.737
410920,0.698
312825,0.677
420640,0.751
312820,0.623
230500,0.609
351780,0.719
250630,0.673
430940,0.765
410910,0.719
520920,0.697
410900,0.702
330185,0.698
351760,0.675
351750,0.725
312810,0.679
312800,0.686
291170,0.673
410895,0.669
240450,0.626
291165,0.569
110010,0.657
130165,0.532
230495,0.617
351740,0.753
410880,0.724
410890,0.693
351730,0.728
351720,0.739
430930,0.73
220450,0.65
320230,0.703
420630,0.754
430925,0.758
312790,0.731
240440,0.664
230490,0.633
260640,0.634
420620,0.757
430920,0.736
420610,0.736
312780,0.604
230480,0.585
230470,0.559
260630,0.595
410870,0.658
430915,0.634
430910,0.764
430912,0.685
210480,0.609
280260,0.577
230465,0.57
210470,0.57
312770,0.727
210467,0.569
210465,0.521
291160,0.643
210462,0.544
320225,0.694
110100,0.596
210460,0.572
210455,0.629
240430,0.592
420600,0.747
210450,0.565
520915,0.674
312760,0.681
312750,0.606
291150,0.576
312740,0.683
210440,0.568
410865,0.641
410860,0.731
520910,0.725
170900,0.576
520890,0.709
170830,0.621
520880,0.694
240420,0.638
520870,0.799
520860,0.727
150309,0.56
520850,0.76
520840,0.703
260620,0.651
312738,0.716
312737,0.647
410855,0.675
210430,0.604
430905,0.714
260610,0.604
510395,0.71
500400,0.721
291140,0.593
351710,0.735
312735,0.679
430900,0.721
270290,0.536
220440,0.548
430890,0.746
351700,0.717
291130,0.559
430885,0.733
230460,0.568
351690,0.747
280250,0.645
410850,0.652
510390,0.67
430880,0.686
220435,0.561
351685,0.719
291125,0.599
430870,0.738
510385,0.615
351680,0.723
420590,0.765
420580,0.725
430865,0.671
150307,0.526
420570,0.753
430860,0.786
351670,0.769
280240,0.564
260600,0.664
291120,0.632
312733,0.65
260590,0.602
520815,0.659
420560,0.708
240410,0.564
312730,0.654
351660,0.709
250625,0.513
351650,0.763
312720,0.655
320220,0.718
240400,0.597
312710,0.73
312707,0.544
220430,0.619
312700,0.684
312705,0.592
420555,0.682
280230,0.589
260580,0.576
250620,0.641
312695,0.543
312690,0.648
312680,0.59
430850,0.76
230450,0.604
351640,0.731
220420,0.608
312670,0.654
312675,0.603
351630,0.703
220415,0.553
312660,0.625
240390,0.606
410840,0.774
312650,0.622
220410,0.577
410832,0.669
220400,0.564
351620,0.78
420550,0.731
410845,0.645
410830,0.751
210420,0.58
312640,0.696
230445,0.624
170825,0.659
430845,0.756
210410,0.616
312630,0.67
230440,0.754
420545,0.753
230435,0.644
430843,0.683
312620,0.64
520810,0.715
170820,0.67
520800,0.744
420543,0.715
291110,0.618
410820,0.723
210409,0.556
430840,0.682
312610,0.755
430830,0.661
130160,0.53
351610,0.713
410810,0.732
351600,0.715
420540,0.847
220390,0.7
430825,0.663
410800,0.701
410790,0.736
260570,0.626
312600,0.724
220385,0.538
150304,0.583
291100,0.557
260560,0.556
220380,0.547
520790,0.597
430820,0.754
351590,0.747
420535,0.708
410785,0.682
351580,0.727
240380,0.642
410780,0.745
270280,0.527
520780,0.732
291090,0.578
170770,0.621
291085,0.565
170765,0.689
510380,0.679
410775,0.677
500390,0.66
312595,0.58
312590,0.603
260550,0.622
160023,0.656
351570,0.738
351565,0.703
351560,0.758
351550,0.797
240375,0.597
210408,0.443
260545,0.788
312580,0.646
410773,0.645
410770,0.716
430810,0.75
510370,0.692
270270,0.565
312570,0.648
312560,0.583
240370,0.636
312540,0.606
280220,0.584
260540,0.6
210407,0.532
270260,0.533
291080,0.712
291077,0.588
120030,0.539
430807,0.698
410765,0.72
520760,0.685
430805,0.666
410760,0.687
430800,0.72
420530,0.758
170755,0.697
500380,0.714
291075,0.559
351540,0.732
220375,0.548
430790,0.777
150300,0.563
410755,0.715
230430,0.633
312530,0.687
312520,0.717
520753,0.65
430786,0.763
250610,0.56
260530,0.576
240360,0.66
312510,0.732
312500,0.676
230428,0.701
291072,0.677
312490,0.675
430783,0.712
351535,0.704
291070,0.567
430781,0.679
430780,0.767
312480,0.696
351530,0.74
520750,0.707
312470,0.676
351520,0.76
270255,0.534
312460,0.71
210405,0.659
312450,0.691
355730,0.74
430770,0.754
430760,0.757
280210,0.647
430755,0.753
430750,0.765
291060,0.589
240350,0.558
351519,0.696
351518,0.787
312440,0.685
312430,0.627
110009,0.672
410754,0.636
210400,0.586
170740,0.57
220370,0.605
250600,0.623
410752,0.689
430745,0.661
312420,0.663
312410,0.671
430740,0.68
260520,0.632
420520,0.723
430730,0.685
312400,0.625
430720,0.681
430705,0.716
420519,0.726
290050,0.584
230427,0.61
430700,0.776
430697,0.712
240340,0.623
120025,0.653
130150,0.509
420517,0.657
430695,0.703
410753,0.761
312390,0.672
291050,0.615
430693,0.68
312385,0.634
430692,0.717
330180,0.722
312380,0.655
351515,0.732
312370,0.644
410750,0.73
410740,0.752
430690,0.657
291040,0.544
240330,0.629
430680,0.767
351512,0.727
351500,0.735
351510,0.749
351495,0.73
250590,0.595
312360,0.685
291030,0.623
351492,0.747
220360,0.595
351490,0.695
220350,0.58
351480,0.691
500375,0.684
430676,0.717
150295,0.56
130140,0.563
520740,0.739
520735,0.702
320210,0.662
351470,0.745
312352,0.645
330170,0.711
210390,0.533
351460,0.744
170730,0.679
250580,0.603
330160,0.659
351450,0.748
351440,0.776
520725,0.668
412863,0.546
240320,0.621
430675,0.724
420515,0.716
430673,0.706
410730,0.746
351430,0.738
500370,0.747
312350,0.706
410725,0.724
500350,0.699
260515,0.589
312340,0.692
312330,0.629
320200,0.654
312320,0.719
312310,0.636
312300,0.686
250570,0.545
430670,0.697
312290,0.701
420510,0.742
312280,0.687
312270,0.709
210380,0.622
430655,0.691
430660,0.708
291020,0.632
312260,0.622
220345,0.549
220342,0.55
320190,0.669
430650,0.587
220340,0.601
150293,0.615
312250,0.688
312247,0.673
291010,0.591
510360,0.69
351420,0.742
410720,0.767
270250,0.532
430645,0.757
430640,0.743
170720,0.583
500348,0.639
430642,0.67
351410,0.725
351400,0.718
312245,0.609
312240,0.67
312235,0.608
312230,0.764
170710,0.683
520830,0.653
312200,0.605
351390,0.734
312220,0.623
320180,0.632
312210,0.661
312190,0.657
280200,0.61
220335,0.561
351385,0.741
520710,0.729
312180,0.702
420500,0.706
312170,0.601
430637,0.648
291005,0.676
170700,0.701
510350,0.718
312160,0.716
250560,0.593
410712,0.608
410710,0.723
410715,0.644
351380,0.757
430635,0.654
250540,0.58
312150,0.631
312140,0.639
312130,0.68
420490,0.743
351370,0.76
430632,0.707
230426,0.609
500345,0.694
510345,0.683
220330,0.618
312125,0.639
270240,0.612
312120,0.74
312110,0.669
210375,0.607
520690,0.716
430630,0.762
312100,0.616
291000,0.54
170650,0.581
520680,0.697
250535,0.521
520670,0.654
160021,0.628
260510,0.594
312090,0.713
510343,0.69
210370,0.612
150290,0.582
150285,0.578
250530,0.606
220327,0.527
220325,0.555
150280,0.502
312087,0.585
250527,0.529
220323,0.542
240310,0.691
410700,0.656
410690,0.823
420480,0.721
150277,0.636
220320,0.607
290990,0.581
260500,0.592
312083,0.627
420475,0.754
351360,0.684
420470,0.742
280190,0.604
260490,0.572
150276,0.55
520660,0.737
110094,0.612
250510,0.591
250520,0.57
250523,0.524
510340,0.785
250500,0.566
351350,0.737
410685,0.666
410680,0.664
312080,0.695
240300,0.654
351340,0.788
430620,0.723
410670,0.713
120020,0.664
410660,0.717
410657,0.709
312070,0.696
250490,0.552
290980,0.699
230425,0.632
430613,0.719
430610,0.75
351330,0.774
312060,0.651
520650,0.706
230423,0.59
520640,0.708
170625,0.644
290970,0.614
220310,0.566
280170,0.553
312050,0.668
520630,0.688
312040,0.695
430605,0.644
520620,0.699
312030,0.583
430607,0.66
170610,0.673
220300,0.573
351320,0.734
312020,0.692
430600,0.712
290960,0.543
312015,0.585
420460,0.788
290950,0.599
351310,0.756
230420,0.713
230410,0.644
270235,0.525
250485,0.641
500330,0.703
430597,0.706
170600,0.605
312010,0.659
510337,0.601
430595,0.741
351300,0.78
290940,0.59
500325,0.706
110008,0.611
351290,0.722
351280,0.769
270230,0.626
420450,0.78
110007,0.613
351270,0.754
410655,0.638
500320,0.7
520590,0.698
520580,0.68
260480,0.568
290930,0.603
260470,0.536
220290,0.642
420455,0.702
312000,0.632
311995,0.678
520570,0.686
311990,0.692
311980,0.692
311970,0.677
410650,0.723
500315,0.589
430593,0.727
311960,0.669
311950,0.627
420445,0.696
351260,0.69
220285,0.546
290920,0.535
240290,0.578
420440,0.744
311940,0.755
240280,0.587
410645,0.6
430590,0.665
430587,0.744
311930,0.708
210360,0.576
351250,0.719
311920,0.626
410640,0.759
311910,0.68
290910,0.6
500310,0.671
250480,0.592
230400,0.61
311900,0.66
311890,0.656
420435,0.747
290900,0.579
330150,0.729
351240,0.758
410630,0.738
290890,0.592
311880,0.642
270220,0.586
430585,0.746
430583,0.692
311870,0.694
290880,0.577
410620,0.681
311860,0.756
430580,0.754
311850,0.673
311840,0.662
410610,0.707
311830,0.761
311820,0.729
510336,0.718
250470,0.581
410600,0.668
311800,0.753
311810,0.568
311790,0.712
510335,0.668
311787,0.747
311783,0.621
430570,0.747
290870,0.582
250460,0.618
290860,0.56
260460,0.602
250450,0.594
420430,0.8
150275,0.566
351230,0.736
351220,0.708
250440,0.592
170560,0.592
311780,0.703
311770,0.665
311760,0.7
311750,0.634
210355,0.512
290850,0.663
290840,0.611
320170,0.67
220280,0.589
150270,0.64
290830,0.606
330140,0.712
311740,0.676
311720,0.668
311730,0.712
290820,0.634
320160,0.681
311520,0.685
311710,0.691
510330,0.689
311700,0.593
330095,0.685
311690,0.697
170555,0.697
311680,0.583
430560,0.758
410590,0.73
110006,0.685
270210,0.517
220277,0.588
220275,0.628
410580,0.733
351210,0.71
510325,0.611
171670,0.671
430558,0.765
351200,0.757
210350,0.596
170550,0.701
520552,0.658
510320,0.713
320150,0.746
150260,0.602
220273,0.565
270200,0.533
311670,0.669
210340,0.564
210330,0.595
130130,0.563
290810,0.596
520551,0.657
220270,0.497
510310,0.66
420425,0.78
220272,0.498
220271,0.555
130120,0.586
290800,0.613
410570,0.694
351190,0.725
311660,0.709
510305,0.699
311650,0.67
311640,0.698
430550,0.719
311630,0.579
290790,0.601
430545,0.729
210325,0.6
520549,0.717
410560,0.718
290780,0.585
410550,0.755
430544,0.616
110092,0.652
430543,0.706
290770,0.6
230395,0.604
230393,0.585
410540,0.74
430540,0.732
311620,0.711
150250,0.453
355720,0.729
230390,0.586
430537,0.62
430535,0.747
351170,0.736
270190,0.575
420420,0.79
210320,0.604
430530,0.757
500295,0.754
420419,0.704
520547,0.742
311615,0.635
510300,0.688
311610,0.598
170460,0.619
170510,0.62
311600,0.655
260450,0.599
260440,0.604
311590,0.664
520545,0.711
410530,0.732
351160,0.706
420417,0.621
430520,0.764
430515,0.674
430517,0.66
240270,0.607
430513,0.661
410520,0.573
430512,0.649
351150,0.782
351140,0.729
520540,0.775
110005,0.692
210317,0.518
210315,0.542
311580,0.678
210312,0.585
311570,0.665
290760,0.596
170410,0.569
430511,0.701
410510,0.668
420415,0.719
260430,0.615
311560,0.678
280160,0.623
230380,0.627
351130,0.766
210310,0.605
240260,0.616
220265,0.488
210300,0.624
430510,0.782
311550,0.743
420410,0.691
520530,0.584
230370,0.682
311547,0.621
250435,0.623
290755,0.571
520520,0.664
230365,0.609
311545,0.54
430500,0.739
290750,0.677
250430,0.64
290740,0.582
250420,0.574
351120,0.751
260420,0.609
311535,0.684
311540,0.6
230360,0.618
420400,0.714
410500,0.678
351110,0.785
520510,0.766
311530,0.751
410490,0.703
290730,0.613
351100,0.731
320140,0.726
220260,0.587
520505,0.701
110090,0.658
510285,0.665
150240,0.673
500290,0.727
311510,0.704
351090,0.734
250415,0.514
260415,0.567
330130,0.726
430495,0.703
170390,0.658
410480,0.782
230350,0.646
430490,0.785
311500,0.721
290720,0.57
311490,0.652
351080,0.73
311480,0.646
311470,0.724
210290,0.574
260410,0.677
170389,0.594
250410,0.603
311460,0.725
260400,0.68
210280,0.634
140023,0.639
270180,0.526
311455,0.741
260392,0.573
230340,0.593
240250,0.589
240240,0.659
260390,0.583
330120,0.696
280150,0.643
311450,0.7
170388,0.64
520500,0.713
311440,0.733
311430,0.705
311420,0.71
311410,0.682
311400,0.689
311390,0.655
311380,0.65
430485,0.739
311370,0.648
430480,0.796
410470,0.713
510279,0.665
230330,0.597
170386,0.662
230320,0.578
230310,0.596
280140,0.588
290710,0.576
220255,0.541
230300,0.592
320130,0.718
130115,0.568
130110,0.557
311360,0.683
351070,0.722
330115,0.648
290700,0.552
311350,0.638
430470,0.766
290690,0.616
240230,0.638
250407,0.585
220253,0.505
130100,0.549
311340,0.706
351060,0.749
330093,0.713
311330,0.695
311320,0.697
311310,0.634
410465,0.728
311300,0.558
290689,0.555
351050,0.759
220250,0.552
500280,0.647
140020,0.624
430471,0.652
311290,0.615
260380,0.549
120017,0.575
351040,0.75
430467,0.766
420395,0.767
311280,0.71
430469,0.746
150230,0.548
410460,0.716
220245,0.553
311270,0.639
220240,0.583
311265,0.624
230290,0.611
420390,0.752
210275,0.537
311260,0.723
250403,0.533
290687,0.621
311250,0.695
311240,0.675
311230,0.653
280130,0.615
311220,0.648
351030,0.699
290685,0.599
430468,0.661
270170,0.573
311210,0.624
430466,0.637
430465,0.672
430463,0.743
351020,0.721
430462,0.637
420325,0.654
410450,0.706
150220,0.655
130090,0.53
430461,0.713
290682,0.562
220230,0.576
140017,0.619
210270,0.565
330110,0.709
410445,0.635
311205,0.631
290680,0.557
420380,0.757
430460,0.75
351015,0.68
280120,0.567
230280,0.612
260370,0.541
280110,0.569
430450,0.65
240220,0.579
420370,0.697
430440,0.748
410442,0.635
430435,0.698
290670,0.601
351010,0.789
351000,0.747
210260,0.561
430430,0.728
410440,0.629
290660,0.591
430420,0.674
311200,0.678
110080,0.649
290650,0.691
290640,0.587
290630,0.59
220225,0.583
311190,0.65
350995,0.704
510270,0.693
290620,0.587
311180,0.722
290610,0.565
270160,0.506
350990,0.72
510269,0.667
311170,0.649
150215,0.673
260360,0.606
510267,0.75
520495,0.654
230270,0.63
420360,0.742
350980,0.706
170384,0.544
311160,0.682
330100,0.716
350970,0.749
510268,0.744
430410,0.708
520490,0.692
311150,0.702
240210,0.626
430400,0.703
510263,0.734
110070,0.593
410430,0.757
220220,0.656
410425,0.701
350960,0.769
520485,0.661
410420,0.745
220217,0.528
500270,0.784
220213,0.56
270150,0.524
290600,0.586
311140,0.706
420350,0.69
410410,0.686
311130,0.683
280100,0.621
410405,0.681
430390,0.745
311120,0.711
420340,0.641
311115,0.621
420330,0.714
220211,0.537
290590,0.557
520480,0.694
270140,0.57
520470,0.688
311110,0.704
350950,0.805
430380,0.76
220210,0.544
510260,0.538
250400,0.72
410400,0.718
410395,0.63
350945,0.717
430370,0.738
410390,0.704
520465,0.631
311100,0.698
210255,0.652
520460,0.653
430367,0.706
270135,0.559
311090,0.709
311080,0.616
260350,0.588
230260,0.62
150210,0.577
311070,0.699
311060,0.751
330090,0.691
420320,0.726
410380,0.725
410370,0.734
410360,0.721
430360,0.697
430355,0.736
260345,0.692
430350,0.697
500260,0.703
311050,0.689
290580,0.565
250390,0.567
311040,0.69
290570,0.694
290560,0.581
260340,0.571
420315,0.622
410350,0.722
220209,0.588
290550,0.573
520455,0.685
520450,0.733
311030,0.687
250380,0.568
160020,0.643
260330,0.566
350940,0.713
311020,0.617
220208,0.546
270130,0.562
350930,0.734
250375,0.55
250370,0.679
220207,0.562
350925,0.694
210250,0.523
210240,0.553
350920,0.728
350910,0.697
290540,0.627
350900,0.781
240200,0.71
430340,0.699
250360,0.592
240190,0.587
240185,0.574
420310,0.728
430330,0.719
520440,0.693
311010,0.633
350890,0.729
410347,0.692
350880,0.742
410345,0.748
410340,0.693
290530,0.584
290520,0.625
260320,0.522
311000,0.728
290515,0.542
310990,0.706
290510,0.546
290500,0.637
520430,0.73
350870,0.72
110004,0.718
430320,0.662
270120,0.531
250355,0.523
250350,0.564
250340,0.596
320120,0.746
170382,0.627
430310,0.757
260310,0.579
330080,0.7
350860,0.764
210237,0.537
310980,0.726
520425,0.698
430300,0.742
250330,0.587
150195,0.473
150200,0.546
310270,0.578
310970,0.706
520420,0.727
310960,0.741
290490,0.647
520410,0.71
510250,0.708
430290,0.7
110060,0.646
350850,0.788
430280,0.704
420300,0.735
260300,0.623
350840,0.738
350830,0.694
310950,0.674
330070,0.735
260290,0.686
110003,0.65
250320,0.748
520400,0.668
220205,0.583
310945,0.648
250310,0.611
290485,0.581
290480,0.561
500240,0.692
250300,0.602
130083,0.569
430270,0.689
310940,0.624
350820,0.735
110045,0.616
310930,0.672
210235,0.583
290475,0.565
520396,0.704
210220,0.548
170380,0.627
220202,0.574
220200,0.565
520393,0.687
210232,0.556
210230,0.59
520390,0.71
350810,0.763
350800,0.667
150190,0.552
120013,0.589
260280,0.527
310925,0.627
290470,0.613
260270,0.593
310920,0.669
310910,0.658
420290,0.795
420287,0.661
290460,0.656
310900,0.747
350790,0.74
290450,0.57
350780,0.755
430265,0.699
520380,0.672
150180,0.503
150178,0.568
230250,0.647
210210,0.562
290440,0.592
280070,0.54
150175,0.591
290430,0.597
250290,0.619
220198,0.515
250280,0.597
210215,0.519
260260,0.562
350775,0.71
240180,0.592
260250,0.574
170370,0.686
320115,0.656
260240,0.547
520360,0.701
350770,0.737
310880,0.624
310870,0.625
310890,0.692
510190,0.696
150172,0.613
530010,0.824
310860,0.656
220196,0.577
120010,0.614
500230,0.701
170360,0.684
410337,0.681
310855,0.674
270110,0.513
430260,0.674
410335,0.701
350760,0.776
150170,0.6
420285,0.78
420280,0.778
430258,0.745
420270,0.724
290420,0.575
310850,0.602
350750,0.8
310840,0.702
430250,0.692
410330,0.717
350745,0.705
310830,0.73
350740,0.73
250270,0.558
130080,0.56
350720,0.746
350730,0.754
290410,0.603
280067,0.604
250250,0.607
220194,0.56
430245,0.7
520357,0.63
260230,0.561
150160,0.546
500220,0.67
250240,0.574
310825,0.537
290405,0.561
290400,0.612
520355,0.683
310820,0.678
140015,0.626
310810,0.637
220192,0.542
410320,0.686
250230,0.592
310800,0.692
410322,0.742
350715,0.66
420260,0.699
430240,0.739
310790,0.653
430237,0.723
430235,0.746
220191,0.532
210207,0.562
420253,0.718
430230,0.666
240170,0.584
220190,0.668
250220,0.597
170330,0.66
150157,0.589
410315,0.697
350710,0.713
420257,0.712
320110,0.734
330060,0.732
310780,0.623
510185,0.661
310770,0.683
520350,0.701
210203,0.558
290395,0.546
310760,0.735
290390,0.633
330050,0.66
260220,0.602
210200,0.538
310750,0.673
520340,0.67
420250,0.696
310740,0.75
260210,0.563
420245,0.781
350700,0.78
350690,0.705
240165,0.629
500215,0.666
260200,0.565
310730,0.7
410310,0.64
350680,0.742
220180,0.632
420243,0.647
310720,0.645
130070,0.588
270100,0.604
140010,0.752
250215,0.649
290380,0.551
430225,0.728
130068,0.565
430223,0.731
210197,0.545
430222,0.703
430220,0.762
430215,0.676
410305,0.67
230240,0.598
250210,0.599
410304,0.655
290370,0.567
220177,0.575
410300,0.72
310710,0.704
320100,0.679
350670,0.681
410302,0.7
420240,0.806
410290,0.667
290360,0.538
350660,0.712
350650,0.78
310700,0.688
350640,0.768
420230,0.739
310690,0.744
310680,0.62
260190,0.606
310670,0.749
260180,0.559
220173,0.489
130063,0.506
310660,0.594
220170,0.612
350635,0.73
170320,0.638
210193,0.604
350630,0.734
250205,0.558
310665,0.604
310650,0.628
210190,0.601
430210,0.778
240160,0.582
350620,0.744
430205,0.619
130060,0.574
150150,0.665
420220,0.74
210180,0.546
220160,0.557
150145,0.588
310640,0.655
310630,0.686
270090,0.517
260170,0.629
310620,0.81
290350,0.575
420215,0.705
290340,0.598
310610,0.66
330045,0.684
250190,0.592
150140,0.746
260160,0.642
220157,0.551
250200,0.578
260150,0.578
270080,0.593
500210,0.698
420213,0.675
220155,0.576
410280,0.716
210177,0.554
310600,0.674
520330,0.716
410275,0.681
210173,0.512
230230,0.623
230220,0.638
350610,0.78
250180,0.649
350600,0.801
230210,0.619
500200,0.684
350590,0.761
220150,0.545
270070,0.594
500190,0.71
350580,0.751
350570,0.786
310590,0.734
430200,0.65
230205,0.571
290330,0.602
170310,0.642
220140,0.612
230200,0.599
290327,0.61
520320,0.742
290323,0.607
350560,0.725
350550,0.789
260140,0.586
210170,0.57
130050,0.574
220130,0.557
290320,0.721
230195,0.616
420210,0.738
220120,0.595
330040,0.729
310570,0.624
430195,0.763
350540,0.641
280060,0.649
290310,0.577
430192,0.723
430190,0.67
430187,0.662
330030,0.733
170307,0.603
290300,0.63
410270,0.744
430185,0.734
510180,0.748
210160,0.606
290290,0.551
350535,0.66
510170,0.693
250170,0.572
270060,0.615
320090,0.683
270050,0.557
250160,0.562
250157,0.567
260130,0.577
220117,0.577
290280,0.575
430180,0.71
410260,0.706
350530,0.788
420209,0.701
290270,0.557
350520,0.75
130040,0.5
240150,0.566
150130,0.662
350510,0.699
410250,0.696
230190,0.683
310560,0.769
240145,0.574
250153,0.558
430165,0.748
430175,0.61
310550,0.649
510160,0.6
210150,0.592
430170,0.719
310540,0.722
350500,0.711
290265,0.579
150125,0.594
410240,0.727
500150,0.681
170305,0.638
420208,0.672
310520,0.599
310530,0.692
250150,0.568
350490,0.733
230185,0.606
310510,0.741
210140,0.687
410230,0.696
350480,0.756
430163,0.696
421280,0.756
420207,0.728
420200,0.845
420205,0.716
420195,0.746
520310,0.655
310500,0.671
350470,0.669
320080,0.702
230180,0.627
220115,0.564
290260,0.585
150120,0.578
290250,0.589
240140,0.609
250140,0.581
150110,0.471
430160,0.74
310490,0.681
350460,0.746
210135,0.537
210130,0.578
210125,0.629
210120,0.651
170300,0.642
210110,0.641
170290,0.627
520280,0.66
220110,0.554
150100,0.541
350450,0.767
350440,0.705
350430,0.714
130030,0.577
420190,0.733
170270,0.677
150095,0.519
230170,0.605
520260,0.7
350420,0.773
290240,0.568
430155,0.707
240130,0.621
430150,0.743
310480,0.656
150090,0.52
170255,0.67
320070,0.708
350410,0.765
310470,0.588
420180,0.733
410220,0.736
130020,0.45
270040,0.561
410210,0.747
310460,0.694
250135,0.609
220105,0.499
350400,0.805
410200,0.729
120005,0.588
230160,0.6
410190,0.728
350395,0.735
420170,0.742
430140,0.694
420165,0.715
350390,0.784
520250,0.675
350380,0.749
420160,0.764
430130,0.657
430120,0.707
430110,0.698
430105,0.74
430107,0.669
430100,0.769
170240,0.651
220100,0.56
330025,0.733
250130,0.548
220095,0.519
220090,0.583
230150,0.618
420150,0.77
330023,0.728
350370,0.733
410185,0.67
110002,0.702
510140,0.675
310450,0.656
310445,0.582
310440,0.643
240120,0.606
520235,0.687
510130,0.704
350360,0.695
350350,0.697
250110,0.594
250120,0.608
250115,0.562
280050,0.579
240110,0.682
350340,0.744
330022,0.684
310430,0.727
260120,0.667
310420,0.749
350335,0.722
310410,0.683
310400,0.772
310390,0.698
410180,0.74
280040,0.595
290230,0.575
230140,0.622
430090,0.772
290225,0.559
410170,0.704
250100,0.567
330020,0.718
260110,0.602
230130,0.564
210100,0.626
430087,0.679
230125,0.59
350330,0.781
350320,0.815
250090,0.548
420140,0.76
420130,0.703
510125,0.725
410165,0.676
310380,0.724
410160,0.723
310375,0.708
410150,0.748
310370,0.536
170230,0.68
270030,0.649
350315,0.68
310360,0.697
350310,0.685
350300,0.74
210095,0.512
430085,0.691
290220,0.588
500124,0.633
210090,0.521
170220,0.631
310350,0.773
520215,0.674
170215,0.604
210087,0.533
510120,0.701
170210,0.752
510100,0.687
170200,0.675
170190,0.639
170130,0.593
520180,0.684
520170,0.732
520160,0.693
310340,0.663
320060,0.752
260105,0.592
350290,0.776
230120,0.615
310330,0.661
290210,0.534
350280,0.788
290200,0.581
230110,0.655
290205,0.57
350275,0.704
280030,0.77
310320,0.695
250080,0.549
420127,0.733
230100,0.641
500110,0.688
280020,0.578
230090,0.618
130014,0.637
410140,0.748
290195,0.552
520150,0.693
290190,0.548
240100,0.639
420125,0.708
210083,0.568
350270,0.71
510080,0.675
320050,0.673
330015,0.692
350250,0.755
250077,0.578
500100,0.697
170110,0.651
520145,0.693
350260,0.721
520140,0.718
430080,0.758
310310,0.684
410130,0.656
240090,0.578
500090,0.643
290180,0.598
310300,0.645
420120,0.749
310290,0.683
290170,0.561
220080,0.62
410120,0.687
230080,0.599
290160,0.592
430070,0.74
130010,0.561
420110,0.674
420100,0.688
220070,0.594
520130,0.714
350240,0.741
350230,0.721
520120,0.725
410115,0.721
290150,0.589
330010,0.724
170105,0.648
240080,0.624
220060,0.63
290140,0.625
420090,0.687
260100,0.572
500085,0.697
310285,0.597
350220,0.719
310280,0.7
430066,0.72
350210,0.779
310260,0.734
290135,0.588
410110,0.725
290130,0.555
420080,0.699
320040,0.73
500080,0.67
500070,0.663
210080,0.581
150085,0.548
520110,0.737
150080,0.718
170100,0.671
130008,0.594
350200,0.754
210070,0.581
150070,0.484
410105,0.695
290120,0.54
270020,0.568
410100,0.709
350190,0.785
250073,0.606
310250,0.641
280010,0.611
520090,0.681
230075,0.606
430064,0.682
350180,0.745
350170,0.751
520085,0.7
350160,0.811
290115,0.561
290110,0.666
130006,0.56
290100,0.625
220050,0.598
210060,0.555
520082,0.609
430063,0.624
260090,0.58
410090,0.669
210055,0.52
160010,0.642
500060,0.673
140002,0.484
170070,0.708
430060,0.699
410080,0.708
520080,0.66
220045,0.578
110034,0.643
310240,0.572
310230,0.676
350150,0.722
350140,0.688
350130,0.758
350120,0.728
310220,0.592
130002,0.527
350115,0.766
510060,0.705
220040,0.614
230070,0.601
320035,0.664
310210,0.62
410070,0.676
210050,0.633
410060,0.696
110040,0.625
412862,0.678
520060,0.713
510050,0.638
410050,0.721
220030,0.585
315350,0.66
520055,0.719
510040,0.701
430057,0.734
240070,0.672
310205,0.661
510035,0.651
420075,0.755
510030,0.704
350110,0.7
430055,0.747
140005,0.542
110037,0.592
210047,0.558
210043,0.554
350100,0.73
260080,0.598
310200,0.668
230060,0.602
150060,0.665
410045,0.667
210040,0.549
350090,0.687
510025,0.714
110001,0.641
310190,0.725
430050,0.671
310180,0.646
520050,0.697
410040,0.699
430047,0.74
240060,0.624
310170,0.642
150050,0.642
170040,0.636
290090,0.563
260070,0.604
170035,0.663
250060,0.582
250057,0.548
420070,0.668
310163,0.675
350080,0.741
320030,0.71
310160,0.761
520030,0.682
240050,0.606
150040,0.564
310150,0.726
430045,0.695
430040,0.74
220027,0.585
320020,0.721
430030,0.672
210030,0.513
290080,0.608
500025,0.711
250053,0.578
230050,0.6
210020,0.573
310140,0.673
350075,0.712
290070,0.683
260060,0.599
250050,0.595
220025,0.531
250040,0.576
310130,0.649
250030,0.582
430020,0.753
310120,0.668
230040,0.569
290060,0.583
310110,0.684
250020,0.597
170030,0.657
320013,0.678
350070,0.745
410030,0.66
430010,0.694
310100,0.601
420060,0.723
520025,0.686
420055,0.745
310090,0.645
350060,0.854
350055,0.757
350050,0.745
420050,0.713
350040,0.781
260050,0.526
430005,0.75
260040,0.553
240040,0.616
310080,0.663
520020,0.722
350030,0.715
520017,0.671
290040,0.55
420040,0.698
320016,0.652
210015,0.5
310070,0.675
500020,0.67
220020,0.639
250010,0.572
270010,0.549
510020,0.729
310060,0.576
150034,0.564
420030,0.741
420020,0.725
220010,0.599
260030,0.592
150030,0.489
260020,0.588
210010,0.529
320010,0.667
240030,0.585
260010,0.657
290035,0.546
410020,0.667
350020,0.73
520015,0.702
350010,0.79
240020,0.661
310050,0.61
520013,0.686
120001,0.604
510010,0.628
230030,0.595
430003,0.687
220005,0.528
240010,0.679
230020,0.601
230015,0.606
150020,0.506
290030,0.582
210005,0.672
310040,0.63
170025,0.665
260005,0.679
310030,0.654
150013,0.622
420010,0.696
420005,0.694
410010,0.687
290020,0.575
290010,0.603
230010,0.628
150010,0.628
310020,0.698
520010,0.689
310010,0.689
520005,0.708